,Bus,M1/12,M7/3,M271,M105,M272,M61/2,M73/1,M270/1,M153/2,M173/2,M172/14,T403,T402,T309,T313,T315,T375,T380,T379,T359,T355/1,C688/1,C691,C652,C655,C657,C686
0,MX4338-0,,,,,,,,,,,,,,,,,,,,,,070109,070123,070302,070431,070548,070620
1,AA7749-0,,,,,,,,,,,,,,,,,070109,070145,070218,070324,070504,070821,071339,,071422,071550,071635
2,AA6942-0,,,,,,,,,,,070109,070336,070453,,,,070959,071055,071138,071255,071433,071751,072057,072152,072308,072435,072541
3,AA7537-0,,,,,,,,070109,070145,070240,070620,071149,071339,071433,071527,071550,071729,071823,071906,072013,072141,072519,072635,072836,072942,073057,073130
4,MX4458-0,,070109,070156,070302,070336,070537,070631,070726,070853,071055,071433,071939,072035,072152,072319,072446,072603,072719,072802,072847,073025,073340,073541,073709,073859,074017,074111
5,AA7712-0,,070504,070810,070904,070959,071244,071455,071550,071740,071855,072057,072657,072802,072931,073057,073224,073351,073551,073625,073815,073955,074408,074536,074830,074957,075124,075219
6,MX4614-0,,071233,071517,071550,071624,071939,072141,072235,072403,072519,072858,073424,073529,073647,073859,073955,074111,074206,074250,074419,074536,074902,074957,075302,075346,075451,075545
7,MX4551-0,071455,071823,072057,072141,072213,072435,072614,072730,072847,073057,073308,073837,073931,074100,074228,074323,074452,074547,074630,074714,074830,075157,075357,075618,075724,075830,075903
8,AA6374-0,072319,072646,072858,072931,073003,073340,073519,073753,073955,074155,074536,075051,075157,075324,075534,075651,075841,075947,080043,080221,080412,080729,080920,081141,081257,081425,081458
9,AA7450-0,,,073658,073742,073931,074356,074630,074819,075040,075229,075651,080116,080221,080412,080456,080601,080740,080942,081014,081058,081246,081625,081804,082016,082100,082217,082250
10,AA7931-0,073920,074323,074619,074714,074819,075240,075534,075819,080021,080210,080612,081130,081236,081436,081625,081731,081943,082143,082239,082312,082418,082825,083013,083214,083319,083447,083542
11,AA7485-0,,074641,075240,075346,075418,075809,080021,080412,080718,081014,081236,081943,082111,082239,082440,082549,082813,082941,083047,083214,083341,083745,083946,084314,084409,084526,084609
12,AA7539-0,075113,075640,080338,080506,080612,081025,081120,081308,081603,081910,082250,082825,082941,083214,083509,083650,083851,083946,084030,084208,084358,084759,085010,085221,085337,085504,085611
13,MX4021-0,,080210,081141,081319,081403,081720,081825,081921,082301,082644,083108,083617,083734,083913,084325,084431,084737,084948,085032,085054,085221,085537,085716,085959,090105,090159,090304
14,MX4338-1,080612,,081614,081709,081804,082133,082452,082633,082857,083214,083712,084303,084431,084537,084915,085104,085337,085537,085622,085705,085843,090221,090348,090526,090643,090800,090844
15,AA7559-0,080930,,082301,082355,082538,082919,083130,083319,,084136,,085104,085210,085348,085655,085822,090021,090148,090243,090421,090559,090938,091045,091319,091414,091542,091615
16,AA7749-1,082100,082610,082857,082952,083130,083606,083628,,084136,084526,084948,085537,,085905,090210,090253,090515,090610,090632,090705,090844,091214,091319,,091710,091815,091848
17,AA7393-0,082750,083247,083509,083606,083734,084041,084241,084504,084759,085159,085559,090115,090221,090348,090537,090716,091107,091214,091247,091414,091520,092017,092207,092358,092515,092610,092632
18,AA6942-1,083913,084146,084431,084526,084620,084854,085148,085316,085548,085833,090210,090749,090905,,091319,091352,091604,091754,,092017,092123,092548,092738,093015,093036,093142,093227
19,AA7537-1,084241,084620,085010,085104,085148,085515,085822,085949,090148,090632,091225,091732,091859,092006,092145,092240,092421,092559,092643,092822,092939,093332,093427,093616,093807,093923,093956
20,MX4458-1,084737,085359,085705,085749,085822,090105,090253,090410,090548,091308,091826,092347,092432,092548,092716,092811,092950,093216,093310,093438,093616,094030,094230,094516,094622,094738,094814
21,MW3430-0,,,090348,090359,090537,090927,091151,091247,091531,091921,092251,092844,093015,093131,093310,093405,093554,093756,093850,094019,094208,094654,094814,095027,095134,095239,095334
22,MX4614-1,090515,091352,091626,091710,091804,092218,092347,092515,092727,092928,093510,094052,094230,094336,094516,094633,094814,094919,094953,095134,095301,095653,095842,100127,100210,100327,100411
23,MW5425-0,090559,091921,092313,092358,092537,092844,093001,093058,093237,093459,093913,094432,094527,094644,094814,094930,095050,095250,095323,095407,095526,095842,095958,100159,100305,100400,100444
24,AA7712-1,090610,091001,091352,091509,091553,092039,092313,092421,092621,092855,093510,094052,094208,094325,094505,094611,094803,094908,094953,095134,095250,095653,095842,100054,100159,100316,100400
25,AA6374-1,091520,093532,093945,094136,094314,094600,094716,094825,095038,095156,095536,100116,100210,100349,100611,100716,100917,101011,101105,101200,101339,101719,101846,102003,102120,102225,102309
26,MX4551-1,091932,,092705,092738,092822,093109,093332,093427,093616,093745,094125,094611,094654,094836,094930,095016,095156,095250,095334,095515,095620,095936,100116,100349,100444,100549,100632
27,MX4383-0,092302,094208,094611,094716,094836,095050,095207,095323,095526,095737,100010,100527,100611,100738,100917,101033,101200,101328,101412,101444,101602,101908,102120,102247,102354,102521,102615
28,AA7450-1,092811,093109,093354,093459,093627,093850,094019,094136,094325,094516,094749,095301,095407,095515,095653,095747,095958,100116,100137,100243,100411,100738,100917,101149,101212,101306,101339
29,MX3783-0,094114,094644,095050,095217,095356,095558,095715,095820,095947,100148,100600,101105,101200,101328,101455,101602,101719,101857,101940,102025,102131,102459,102626,102859,103004,103120,103143
30,AA7931-1,094549,095123,095515,095620,095747,100010,100210,100338,100527,100800,101022,101550,101657,101824,101940,102036,102203,102258,102343,102459,102615,102931,103131,103343,103449,103617,103701
31,MW5645-0,095418,095747,100137,100305,100422,100738,100844,100949,101212,101412,101824,102343,102448,102604,102720,102826,102953,103204,103248,103332,103449,103817,103934,104158,104314,104421,104515
32,MW5191-0,095831,100243,100611,100705,100833,101033,101200,101255,101455,101635,102036,102604,102658,102753,102910,102953,103131,103226,103310,103427,103544,103912,104051,104252,104336,104504,104537
33,AA7559-1,100159,,102427,102438,102543,102837,103026,103143,103511,103701,,104421,104526,104642,104800,104856,105033,105233,105316,105454,105614,105942,110142,110342,110458,110552,110636
34,AA7485-1,100632,100906,101255,101506,101624,102003,102153,102309,102543,102837,103248,103839,103945,104102,104230,104336,104515,104705,104749,104917,105022,105400,105516,105720,105825,105931,110004
35,MW5264-0,101149,101455,101824,101919,102025,102247,102521,102615,102815,103048,103500,104029,104146,104314,104443,104526,104705,104856,105001,105117,105244,105614,105752,110004,110109,110226,110258
36,MW5346-0,102416,102804,103037,103110,103226,103533,103701,103806,103955,104113,104515,105055,105200,105339,105516,105625,105752,110004,110015,110109,110215,110509,110658,110933,111020,111104,111136
37,MX4338-2,102804,,103650,103850,104029,104336,104526,104716,104856,105117,105349,105920,110026,110142,110258,110342,110509,110614,110658,110805,110944,111325,111442,111655,111749,111916,111949
38,AA7539-1,104051,104421,104800,104939,105128,105538,105658,105846,110204,110415,110816,111442,111633,111833,112011,112116,112338,112433,112517,112634,112750,113059,113205,113459,113606,113711,113816
39,AA7393-1,104621,105055,105411,105505,105625,105953,110204,110258,110447,110636,111020,111536,111706,111844,112022,112149,112349,112455,112550,112645,112803,113154,113311,113459,113606,113721,113826
40,MX4021-1,105846,110004,110353,110436,110552,110849,111020,111125,111325,111453,111833,112338,112455,112655,112813,112909,113037,113205,113249,113416,113510,113826,113955,114218,114324,114451,114535
41,MX4614-2,110120,111938,112254,112411,112550,112750,112858,113015,113132,113311,113711,114229,114345,114524,114651,114735,114903,115041,115125,115252,115419,115748,115904,120106,120151,120319,120403
42,AA7749-2,,110838,,111241,111358,111800,111855,112054,112315,112634,112858,113416,113606,113837,113934,114051,114313,114451,114546,114713,114840,115230,115357,115715,115737,115854,120012
43,AA6942-2,112444,,113059,113121,113300,113616,113848,114102,,114345,,115325,115452,,,115843,120128,120330,120414,120552,120732,121154,,121554,121700,121827,121933
44,MX4458-2,,113543,114145,114251,114345,114651,114840,115020,115147,115335,115737,120319,120435,120636,120805,120921,121048,121259,121343,121510,121628,122007,122220,122505,122635,122743,122817
45,AA7712-2,,114345,114702,114818,114958,115208,115335,115503,115704,115938,120151,120743,120910,121015,121216,121321,121459,121649,121733,121900,122030,122432,122635,122850,123007,123145,123250
46,AA7537-2,114947,115335,115642,115821,115904,120151,120340,120446,120648,120815,121216,121744,121900,122030,122136,122242,122410,122602,122646,122817,122923,123250,123355,123700,123805,123932,124006
47,MW5425-1,120414,120910,121227,121354,121448,121722,121849,122030,122231,122432,122901,123501,123617,123722,123849,123922,124111,124250,124345,124503,124609,124926,125031,125230,125338,125435,125530
48,MX4551-2,120859,121354,121733,121900,121944,122231,122358,122657,122901,123050,123501,124228,124334,124525,124703,124808,124958,125209,125252,125424,125552,125942,130048,130343,130522,130638,130711
49,AA7450-2,121711,,122454,122613,122657,122956,123156,123417,123606,123733,124122,124641,124746,124937,125031,125136,125303,125412,125446,125614,125732,130037,130154,,130438,130606,130638
50,MX3783-1,122646,122829,123134,123323,123512,123805,123944,124111,124334,124558,124937,125519,125649,125848,130048,130143,130332,130500,130544,130733,130923,131253,131503,131738,131843,131950,132035
51,AA7931-2,123428,123744,124144,124345,124525,124842,125020,125147,125327,125541,125953,130555,130733,130923,131101,131242,131503,131631,131727,131854,132013,132352,132521,132734,132903,133020,133053
52,AA7539-2,123932,125031,125412,125541,125638,125953,130059,130238,130533,130755,131220,131905,132024,132214,132352,132510,132700,132756,132852,132958,133137,133635,133816,,134216,134333,134427
53,MX4021-2,125359,125700,130037,130111,130248,130438,130606,130755,130933,131209,131620,132141,132309,132510,132617,132700,132925,133115,133159,133340,133507,133816,133932,134111,134227,134406,134449
54,MX4338-3,130015,130638,130944,131112,131156,131430,131631,131749,131928,132225,132649,133256,133423,133602,133729,133849,134038,134227,134322,134354,134500,134956,135211,135434,135518,135647,135720
55,AA7749-3,131156,131928,132141,132203,132341,132543,132712,,,133329,133656,134238,134344,134533,134649,134817,135007,135200,135244,135423,135603,140038,140429,140451,140651,140758,140833
56,AA6942-3,132437,132819,133053,133104,133223,133456,,133729,134049,,134522,135137,135306,135456,135731,135742,140100,140311,140356,140523,140713,141120,,,141700,141816,141910
57,MX4458-3,133031,133718,134027,134111,134238,134449,134616,134744,135019,135328,135742,140333,140451,140640,140833,140950,141226,141415,141509,141627,141744,142143,142333,142604,142731,142837,142920
58,AA7712-3,134006,134522,134912,134956,135126,135456,135658,135825,140049,140238,140556,141153,141320,141520,141700,141805,142038,142205,142300,142405,142604,143059,143237,143500,143606,143734,143819
59,AA7537-3,135019,135456,135847,140005,140038,140333,140534,140651,140855,141012,141415,141943,142049,142300,142405,142532,142826,142942,143048,143142,143310,143701,143808,,144135,144313,144346
60,MW5425-2,140005,140407,140640,140724,140844,141215,141425,141520,141711,142016,142427,142953,143110,143248,143416,143533,143935,144051,144146,144240,144357,144737,144916,145043,145203,145257,145341
61,MX4551-3,141012,141226,141448,141542,141616,142100,142300,142405,142637,142909,143248,143819,143935,144113,144251,144419,144821,144949,145032,145203,145330,145658,145846,150129,150257,150352,150436
62,AA7450-3,,142248,142521,142604,142742,143142,143332,143500,143701,143924,144335,145054,145257,145435,,145846,150107,150246,150352,150509,150636,151046,151203,151508,151530,151647,151743
63,MX3783-2,142720,142953,143332,143438,143522,143830,144040,144208,144346,144536,144926,145530,145636,145803,145919,150002,150213,150330,150414,150519,150658,151046,151214,151435,151541,151721,151816
64,AA7931-3,143416,143757,144051,144157,144324,144631,144748,144916,145054,145319,145741,150308,150436,150552,150813,150940,151140,151414,151457,151626,151732,152145,152323,152512,152617,152735,152757
65,AA7485-2,143851,144240,144704,144821,145021,145319,145603,145709,145919,150118,150352,151013,151108,151225,151414,151519,151743,151945,152029,152156,152323,152652,152830,153008,153102,153219,153251
66,AA7539-3,144536,144905,145214,145341,145414,145709,145814,145857,150107,150202,150603,151057,151203,151341,151519,151541,151816,151945,152029,152051,152156,152439,152534,152735,152820,152914,152935
67,AA7559-2,144832,145731,,,150458,150719,150846,151035,151341,151849,152250,152914,153102,153302,153451,,,154230,154253,,,155003,155132,155409,155516,155633,155705
68,MX4021-3,,150202,150636,150730,150813,151214,151403,151519,151816,152029,152450,153052,153219,153346,153524,153924,154337,154550,154634,154802,154857,155207,155313,155527,155622,155716,155749
69,MX4604-0,150235,150519,150908,150940,151108,151519,151900,151956,152207,152428,152925,153440,153535,153735,154029,154326,154750,154931,155025,155144,155313,155716,155855,160057,160141,160309,160342
70,AA7749-4,150658,151129,151732,151827,151945,152355,152606,152809,153102,153556,153724,154411,154528,154802,155251,155633,155906,160035,160130,160258,160425,160753,160956,,161408,161503,161535
71,MX4598-0,,,,,,,,,153124,153251,153924,154539,154656,154813,155324,155727,155939,160046,160130,160258,160436,160753,161007,,161430,161619,161703
72,MX4458-4,153135,153735,154157,154304,154422,154836,155155,155622,155939,160214,160637,161157,161336,161535,161841,162010,162211,162328,162422,162517,162634,163025,163214,163435,163551,163656,163751
73,AA7537-4,154326,155516,155811,155917,160014,160353,160720,160934,161157,161513,161914,162444,162601,162739,163224,163318,163456,163624,163718,163823,164014,164318,164603,164803,164911,165040,165102
74,MX4614-3,,155036,155347,155453,155622,160152,160447,160637,160912,161051,161503,162054,162211,162328,162814,162846,163035,163224,163246,163340,163507,163856,,164224,164340,164446,164519
75,AA7712-4,155453,160720,160956,161102,161157,161714,161958,162338,162601,162814,163529,164235,164436,164552,164740,164826,165017,165251,165346,165408,165535,165851,165956,170207,170334,170429,170513
76,AA6942-4,,,,,,,,,,,,160014,160130,160309,160806,160839,161241,161408,161503,161608,161725,162200,162433,,162644,162750,162825
77,MX4551-4,161146,161736,162254,162338,162433,162825,163057,163340,163646,164003,164436,165123,165251,165357,165607,165713,165851,170028,170123,170228,170345,170701,170924,171157,171302,171419,171451
78,AA7393-2,162305,162644,163046,163130,163214,163507,163718,163834,164119,164425,164837,165513,165629,165807,170018,170134,170301,170408,170451,170618,170723,171135,171313,171545,171651,171745,171829
79,AA7450-4,162930,163318,163729,163907,164024,164436,164624,165006,165218,165524,165923,170629,170745,170956,171240,171334,171535,171745,171829,171924,172040,172348,172600,172847,172953,173109,173204
80,AA7931-4,,163940,164340,164508,164624,165029,165229,165651,165818,170101,170545,171146,171313,171535,171701,171807,171935,172029,172113,172231,172348,172803,173014,173215,173321,173415,173448
81,AA7485-3,164751,165251,165746,165923,170007,170323,170524,170756,170956,171157,171607,172157,172315,172444,172622,172706,172847,173003,173059,173215,173321,173636,173805,174016,174122,174238,174311
82,AA7539-4,165302,165607,165923,170050,170207,170513,170723,170956,171135,171357,171807,172315,172421,172549,172717,172803,172920,173014,173048,173120,173215,173542,173658,173816,174006,174100,174144
83,AA7559-3,170228,171441,171651,171902,171956,172410,172706,172931,173059,173520,173933,174511,174640,174820,174958,175053,175231,175433,175454,175611,175728,180046,180247,180436,180530,180636,180720
84,MX4021-4,,171607,171913,171935,172018,172549,172728,172931,173059,173354,174122,174618,174746,174853,175009,175115,175254,175400,175433,175454,175600,175939,180130,180258,180403,180508,180552
85,MX4604-1,171851,172113,172516,172655,172803,173131,173343,173459,173722,174100,174556,175210,175316,175516,175717,175823,180002,180152,180236,180414,180530,180921,181037,181227,181321,181439,181512
86,MX4598-1,,174111,174556,174702,174820,175009,175115,175221,175411,175750,180214,180848,181004,181405,181640,181745,181902,182029,182124,182230,182346,182724,182925,,183254,183400,183456
87,AA6942-5,174216,,175104,,,,180002,180108,180341,180625,181059,181818,,,182546,182641,182903,183008,183052,183221,183339,183720,183838,184018,184242,184359,184432
88,AA7537-5,175231,180803,181216,181310,181427,181807,181924,182135,182335,182535,182947,183550,183933,184051,184315,184432,184600,184800,184843,184916,185043,185437,185626,185859,190006,190133,190205
89,MX4458-5,,175422,175801,175855,180035,180625,180826,180953,181154,181512,182124,182819,182957,183210,183400,183507,183709,183816,183849,184018,184157,184600,184811,185021,185127,185257,185342
90,MX4614-4,,175939,180330,180508,180636,181121,181300,181607,181807,182102,182724,183350,183550,183731,183922,184006,184146,184348,184432,184505,184643,184959,185159,185404,185542,185648,185721
91,MX4551-5,182029,183158,183625,183709,183805,184135,184315,184454,184716,185021,185459,190205,190332,190638,191251,191356,191545,191756,191839,191922,192049,192428,192649,192902,193007,193125,193158
92,AA7712-5,,,182947,183103,183221,183625,183838,184101,184304,184443,184832,185459,185626,185815,190133,190238,190416,190555,190649,190818,190924,191312,191451,191701,191817,191933,192028
93,AA7393-3,183731,184101,184505,184654,184811,185234,185404,185637,185910,190111,190511,191102,191218,191407,191944,192038,192238,192406,192449,192617,192722,193051,193242,193424,193541,193657,193751
94,AA7450-5,,185021,185331,185459,185626,190300,190449,190818,191030,191240,191817,192417,192555,192745,192956,193102,193252,193402,193445,193624,193813,194154,194358,,194717,194836,194921
95,AA7931-5,185043,185426,185921,190100,190154,190733,190902,191218,191440,191618,192017,192711,192829,193040,193220,193326,193456,193613,193708,193824,193952,194347,194526,194656,194814,194921,195008
96,AA7485-4,190122,190649,191008,191102,191207,191618,191745,191901,192133,192406,192818,193413,193541,193751,193941,194038,194206,194347,194432,194515,194623,194957,195102,195304,195407,195514,195552
97,AA7559-4,191135,192111,192500,192544,192627,,,193315,,,,194410,194526,194707,194836,194933,195135,195356,195451,195527,,,,,,200803,200847
98,AA7539-5,192934,193220,193530,193624,193751,194016,194154,194336,194432,194717,194921,195502,195607,195723,195850,195955,200144,200310,200354,200523,200639,200920,201027,,,201530,201614
99,MX4604-2,194515,194814,195135,195252,195418,195745,195850,200028,200238,200354,200737,201323,201436,201541,201658,201753,201920,202025,202109,202225,202341,202656,202814,203026,203121,203216,203259
100,AA7749-5,195712,,200512,200628,200737,201049,201145,201312,201530,201836,202203,202740,202941,203143,203249,,203437,203532,203615,203720,203849,204151,204329,,204633,204800,204906
101,MX4021-5,,201530,201909,202004,202036,202257,202435,202602,202718,203004,203216,203742,203826,204024,204140,204245,204446,204633,204655,204833,204939,205211,205316,205459,205546,205641,205735
102,AA6942-6,203121,203321,203615,203815,203928,204245,204414,204555,204906,204939,205316,205841,205949,210150,210247,210309,210436,210519,210603,210719,210916,211250,211507,,211802,211957,212042
103,MX4598-2,,,,,,,,,203553,203637,203836,204414,204531,204655,204833,204950,205127,205232,205316,205410,205546,205902,210045,210320,210414,210541,210646
104,MX4614-5,,,204542,204728,204855,205222,205410,205535,205757,205913,210128,210636,210831,210948,211116,211215,211336,211456,211551,211635,211751,212114,212252,212441,212618,212702,212746
105,MX4458-6,,,,,,,,,,,,205359,205524,205735,205841,210000,210128,210320,210403,210519,210636,210927,211116,211312,211411,211529,211602
106,AA7712-6,205459,205913,210150,210353,210530,210844,211000,211127,211358,211540,211751,212303,212441,212524,212702,212808,212946,213102,213145,213323,213440,213738,213843,214021,214132,214249,214333
107,AA7450-6,211127,211529,211802,211957,212103,212408,212524,212651,212830,213029,213251,213905,214056,214217,214322,214416,214554,214753,214847,215010,215126,215456,215625,,220003,220120,220215
108,AA7539-6,213029,213229,213524,213556,213727,214032,214217,214405,214605,214826,215042,215603,215720,215825,215952,220036,220204,220330,220424,220508,220624,221000,221057,,221330,221433,221516
109,AA7749-6,214911,215053,215400,,215625,215952,220047,220142,220340,220646,221046,221549,221717,,222003,222046,222203,222403,,222554,222735,223211,223420,,,223823,223907
110,MX4021-6,,220058,220351,220457,220613,220814,220945,221035,221214,221422,221631,222140,222246,222403,222521,222605,222735,222903,222936,223114,223222,223602,223707,223834,223950,224124,224157
111,MX4598-3,220933,,221358,221422,221527,221717,221855,222035,222224,222426,222627,223200,223306,223446,223551,223656,223845,223950,224044,224218,224434,224746,224902,225113,225212,225327,225400
112,MX4458-7,221141,221408,221643,221739,221855,222152,222319,222403,222543,222649,223031,223551,223645,223845,224013,224112,224229,224345,224434,224608,224735,225113,225244,225435,225529,225652,225724
113,AA6942-7,,222341,222747,,223031,223255,223408,223530,,223656,224044,224558,224714,224902,,,225139,225306,225400,225413,225551,225916,230055,,230344,230512,230556
114,MX4614-6,,223211,223508,223602,223624,223834,223950,224135,224251,224434,224641,225139,225244,225338,225457,225529,225640,225724,225808,225916,230012,230333,230450,,230752,230847,230942
115,AA7712-7,223707,224630,225113,225212,225327,225518,225614,225703,225843,230034,230428,230942,231049,231143,231309,231349,231511,231724,231807,231945,232113,232410,232526,232757,232902,233025,233055
116,AA7450-7,230117,230354,230556,230713,230752,231015,231204,231259,231449,231701,231851,232432,232515,232708,232829,232840,233025,233055,233133,233251,233410,,,,,,
117,AA7539-7,231215,231746,231945,232051,232218,232421,232610,232655,232829,233111,233432,,,,,,,,,,,,,,,,
118,AA7749-7,232840,,233348,233443,233550,,,,,,,,,,,,,,,,,,,,,,
